23,John,Doe,Smith,1234567890,john.doe@example.com
24,Jane,Smith,Doe,0987654321,jane.smith@example.com
25,Alice,Johnson,Williams,5551234567,alice.johnson@example.com
26,Bob,Brown,Miller,9876543210,bob.brown@example.com
27,Emily,Davis,Taylor,4567890123,emily.davis@example.com
28,Michael,Wilson,Anderson,3216549870,michael.wilson@example.com
29,Samantha,Martinez,Thomas,7890123456,samantha.martinez@example.com
30,Daniel,Taylor,Jackson,2345678901,daniel.taylor@example.com
31,Sarah,Garcia,White,8901234567,sarah.garcia@example.com
32,James,Hernandez,Harris,5678901234,james.hernandez@example.com
33,David,Young,Lee,9876543210,david.young@example.com
34,Jennifer,Lopez,Martinez,4567890123,jennifer.lopez@example.com
35,William,Clark,Hall,1234567890,william.clark@example.com
36,Jessica,Scott,Lewis,8901234567,jessica.scott@example.com
37,Matthew,Walker,King,5551234567,matthew.walker@example.com
38,Amanda,Green,Moore,2345678901,amanda.green@example.com
39,Andrew,Hill,Brown,7890123456,andrew.hill@example.com
40,Nicole,Adams,Allen,5678901234,nicole.adams@example.com
41,Christopher,Baker,Hill,0987654321,christopher.baker@example.com
42,Ashley,Perez,Scott,9876543210,ashley.perez@example.com
43,Joshua,Gonzalez,Nelson,4567890123,joshua.gonzalez@example.com
44,Megan,Carter,Young,1234567890,megan.carter@example.com
45,Kevin,Evans,Thomas,5551234567,kevin.evans@example.com
46,Michelle,Morris,Lopez,8901234567,michelle.morris@example.com
47,Jason,Rivera,Wright,2345678901,jason.rivera@example.com
48,Brittany,Hall,Garcia,7890123456,brittany.hall@example.com
49,Ryan,Long,Martinez,5678901234,ryan.long@example.com
50,Stephanie,Howard,Young,0987654321,stephanie.howard@example.com
51,Brian,Sanchez,Jones,9876543210,brian.sanchez@example.com
52,Lauren,Torres,Brown,4567890123,lauren.torres@example.com
53,Justin,Nguyen,Miller,1234567890,justin.nguyen@example.com
54,Kayla,Barnes,Anderson,5551234567,kayla.barnes@example.com
55,Brandon,Wood,Smith,8901234567,brandon.wood@example.com
56,Heather,Coleman,King,2345678901,heather.coleman@example.com
57,Eric,Russell,Taylor,7890123456,eric.russell@example.com
58,Amy,Griffin,Green,5678901234,amy.griffin@example.com
59,Kyle,Diaz,Brown,0987654321,kyle.diaz@example.com
60,Rachel,Hayes,Gonzalez,9876543210,rachel.hayes@example.com
61,Timothy,Reyes,Walker,4567890123,timothy.reyes@example.com
62,Kimberly,Mitchell,Hernandez,1234567890,kimberly.mitchell@example.com
63,Jordan,Hill,Davis,5551234567,jordan.hill@example.com
64,Melissa,Perkins,Perez,8901234567,melissa.perkins@example.com
65,Cody,Cruz,King,2345678901,cody.cruz@example.com
66,Rebecca,Cooper,Flores,7890123456,rebecca.cooper@example.com
67,Nathan,Parker,Carter,5678901234,nathan.parker@example.com
68,Andrea,Edwards,Ross,0987654321,andrea.edwards@example.com
